key,en,vi
hand.five_of_a_kind.name,Five of a Kind,Ngũ quý
hand.five_of_a_kind.description,Five cards of the same value. Only Jokers make it.,Năm lá cùng giá trị. Chỉ có được nhờ Joker.
hand.royal_flush.name,Royal Flush,Thùng phá sảnh lớn
hand.royal_flush.description,"An ace, king, queen, jack and ten, all the same suit.","A, K, Q, J và 10, tất cả cùng chất."
hand.straight_flush.name,Straight Flush,Thùng phá sảnh
hand.straight_flush.description,"Five cards in consecutive rank, all the same suit.","Năm lá liên tiếp, tất cả cùng chất."
hand.four_of_a_kind.name,Four of a Kind,Tứ quý
hand.four_of_a_kind.description,Four cards of the same value.,Bốn lá cùng giá trị.
hand.full_house.name,Full House,Cù lũ
hand.full_house.description,"Three cards of the same value, with two other cards of the same value.","Ba lá cùng giá trị, kèm hai lá khác cùng giá trị."
hand.flush.name,Flush,Thùng
hand.flush.description,Five cards all the same suit.,Năm lá cùng chất.
hand.straight.name,Straight,Sảnh
hand.straight.description,Five cards in consecutive rank.,Năm lá liên tiếp.
hand.three_of_a_kind.name,Three of a Kind,Sám cô
hand.three_of_a_kind.description,Three cards of the same value.,Ba lá cùng giá trị.
hand.two_pair.name,Two Pair,Thú
hand.two_pair.description,Two different pairs of cards with the same value.,Hai đôi khác nhau.
hand.pair.name,Pair,Đôi
hand.pair.description,Two cards with the same value.,Hai lá cùng giá trị.
hand.high_card.name,High Card,Mậu thầu
hand.high_card.description,Five unconnected cards that don't make another hand combination.,"Năm lá rời rạc, không tạo được bộ nào khác."
